matchup,kills,deaths,assists,csat15,oppcsat15,total_gold,damage
"Aatrox , Akali",3.3333333333333335,2.6666666666666665,8.333333333333334,126.66666666666667,136.0,15355.0,16049.333333333334
"Aatrox , Azir",4.333333333333333,0.6666666666666666,9.0,129.33333333333334,137.66666666666666,14094.666666666666,12629.0
"Aatrox , Camille",4.285714285714286,1.0,4.714285714285714,131.8,124.0,12278.8,12691.2
"Aatrox , Fiora",3.4285714285714284,1.1428571428571428,4.428571428571429,129.25,122.75,13688.0,14177.0
"Aatrox , Gangplank",3.727272727272727,1.2727272727272727,4.909090909090909,139.375,112.75,15388.25,17006.375
"Aatrox , Gnar",0.0,2.0,8.0,131.0,138.0,18747.0,16317.0
"Aatrox , Gragas",5.0,3.0,10.0,,,,
"Aatrox , Irelia",3.3,1.5,5.6,126.0,138.0,13239.625,11521.375
"Aatrox , Jax",2.0,0.5,4.5,132.0,113.0,14279.0,10770.5
"Aatrox , Jayce",2.857142857142857,1.5,5.285714285714286,125.42857142857143,133.57142857142858,14009.07142857143,11377.642857142857
"Aatrox , Karma",3.6666666666666665,1.0,4.0,134.5,131.0,11659.0,6867.5
"Aatrox , Kennen",3.090909090909091,2.1818181818181817,4.363636363636363,121.125,119.375,12942.875,13029.625
"Aatrox , Kled",1.0,1.0,7.0,129.0,142.0,13571.0,14153.0
"Aatrox , LeBlanc",3.0,0.0,4.0,130.0,115.0,14232.0,7607.0
"Aatrox , Lee Sin",2.0,2.0,9.0,78.0,82.0,12280.0,9427.0
"Aatrox , Mordekaiser",4.25,1.5,5.0,134.5,122.5,14411.25,16495.0
"Aatrox , Nautilus",5.0,1.0,9.0,,,,
"Aatrox , Neeko",2.8,1.4,4.4,141.5,133.5,13868.5,10115.25
"Aatrox , Ornn",5.0,1.5,4.0,130.5,126.0,16009.5,15608.5
"Aatrox , Poppy",3.6666666666666665,2.0,6.333333333333333,117.66666666666667,111.0,13226.0,16502.333333333332
"Aatrox , Qiyana",4.0,3.0,10.0,129.0,132.0,14634.0,18599.0
"Aatrox , Rek'Sai",2.0,1.0,4.0,117.0,78.0,12131.0,8557.0
"Aatrox , Renekton",2.0,1.0,5.333333333333333,137.5,138.5,14040.0,17742.0
"Aatrox , Riven",5.0,0.0,7.0,130.0,117.0,12705.0,15845.0
"Aatrox , Rumble",5.0,0.0,2.0,139.0,112.0,13616.0,12397.0
"Aatrox , Ryze",5.5,1.5,8.0,139.0,131.0,13973.0,11798.0
"Aatrox , Sejuani",5.0,1.0,6.0,,,,
"Aatrox , Sion",9.0,1.0,7.0,,,,
"Aatrox , Sylas",7.0,2.5,3.5,125.0,124.0,13602.0,15440.0
"Aatrox , Xin Zhao",5.5,1.5,7.0,,,,
"Aatrox , Yasuo",2.0,0.0,6.0,128.0,120.0,11365.0,10117.0
"Ahri , Morgana",5.0,3.0,4.0,161.0,136.0,20000.0,21804.0
"Ahri , Neeko",4.0,2.0,4.0,157.0,155.0,13122.0,11259.0
"Ahri , Vladimir",2.0,1.0,10.0,147.0,144.0,11112.0,13744.0
"Ahri , Zoe",0.0,2.0,5.0,125.0,136.0,11722.0,9710.0
"Akali , Aatrox",3.5,1.75,6.0,143.75,131.5,14161.0,15842.25
"Akali , Azir",4.0,1.5,4.0,132.25,128.75,12505.0,11649.75
"Akali , Corki",5.333333333333333,0.3333333333333333,3.0,156.66666666666666,152.33333333333334,17267.666666666668,16236.0
"Akali , Galio",10.0,0.0,7.0,157.0,120.0,14019.0,15255.0
"Akali , Gangplank",3.0,0.5,3.5,137.0,115.0,16330.5,16152.5
"Akali , Irelia",4.2,2.2,6.4,128.75,129.75,14754.0,16555.25
"Akali , Jayce",5.0,3.0,4.0,129.0,125.0,12479.0,10303.0
"Akali , Karma",3.0,1.5,4.5,127.5,139.5,12831.5,7274.0
"Akali , Kennen",4.0,2.0,5.0,,,,
"Akali , Malzahar",6.0,3.0,8.0,,,,
"Akali , Neeko",4.2,1.0,6.6,129.0,130.0,12072.666666666666,8172.333333333333
"Akali , Renekton",2.6666666666666665,1.0,5.333333333333333,147.0,133.0,12424.0,14856.0
"Akali , Ryze",6.0,0.3333333333333333,4.333333333333333,127.0,136.5,15512.5,12441.0
"Akali , Sylas",4.6,1.2,8.2,138.2,138.6,14446.0,15372.8
"Akali , Syndra",3.0,1.5,7.5,138.0,145.5,12688.5,10288.0
"Akali , Taliyah",5.0,0.0,5.0,154.0,135.0,13987.0,11430.0
"Akali , Twisted Fate",2.0,1.0,7.0,,,,
"Akali , Vladimir",5.0,1.0,7.0,144.0,140.0,15259.0,18346.0
"Akali , Yasuo",7.0,2.0,4.5,122.0,119.5,14328.5,13249.0
"Akali , Zoe",6.5,1.0,4.5,164.0,160.0,13547.0,9623.0
"Alistar , Galio",0.5,4.0,12.0,,,,
"Alistar , Lux",2.0,2.5,12.0,,,,
"Alistar , Nautilus",0.8571428571428571,1.5714285714285714,13.571428571428571,25.5,26.75,8759.25,4773.0
"Alistar , Volibear",0.0,2.0,9.0,27.0,26.0,8461.0,3415.0
"Alistar , Yuumi",1.7142857142857142,1.2857142857142858,10.0,15.0,3.0,7485.0,5237.0
"Anivia , Azir",4.0,2.0,5.0,143.0,129.0,13939.0,12217.0
"Anivia , Neeko",4.0,0.0,6.0,141.0,125.0,14414.0,9250.0
"Anivia , Ryze",3.0,1.0,6.0,156.0,153.0,13658.0,10875.0
"Ashe , Ezreal",4.0,2.0,8.0,147.0,150.0,16194.0,18523.0
"Ashe , Jinx",4.0,1.0,6.0,134.0,154.0,15337.0,20808.0
"Ashe , Kai'Sa",2.0,2.0,4.0,136.0,129.0,16521.5,18264.5
"Ashe , Kalista",0.0,0.0,7.0,156.0,138.0,14734.0,13961.0
"Ashe , Lucian",3.0,2.0,9.0,149.0,135.0,22115.0,45680.0
"Ashe , Sivir",1.5,2.0,8.5,140.66666666666666,153.33333333333334,15763.0,17466.666666666668
"Ashe , Sona",3.0,0.0,15.0,145.0,64.0,12464.0,14350.0
"Ashe , Varus",3.0,1.3333333333333333,7.333333333333333,128.0,131.5,13659.0,11813.0
"Ashe , Vayne",4.0,3.0,15.0,,,,
"Ashe , Xayah",3.25,2.5,6.5,116.66666666666667,127.66666666666667,14973.666666666666,19100.0
"Azir , Aatrox",8.0,0.0,4.0,147.0,137.0,16511.0,16431.0
"Azir , Akali",4.833333333333333,1.3333333333333333,4.333333333333333,144.2,132.2,14351.2,20581.8
"Azir , Anivia",12.0,2.0,8.0,147.0,146.0,24952.0,58737.0
"Azir , Camille",2.0,4.0,4.0,,,,
"Azir , Cassiopeia",5.0,3.0,2.0,120.0,137.0,15018.0,14899.0
"Azir , Corki",3.6875,0.875,5.125,152.71428571428572,143.5,15547.285714285714,20357.071428571428
"Azir , Ekko",5.0,2.0,9.0,147.0,134.0,16854.0,33417.0
"Azir , Irelia",4.333333333333333,2.3333333333333335,4.666666666666667,126.0,153.0,10149.0,12948.0
"Azir , Jayce",3.6666666666666665,1.3333333333333333,6.666666666666667,136.0,145.0,12216.0,8655.0
"Azir , Karma",2.0,0.0,6.0,156.0,140.0,13271.0,19271.0
"Azir , LeBlanc",3.0,0.8333333333333334,6.166666666666667,137.16666666666666,129.0,13366.0,14395.666666666666
"Azir , Lissandra",6.0,1.0,8.0,146.0,150.0,12140.0,16806.0
"Azir , Neeko",5.4,1.0,4.0,149.33333333333334,133.33333333333334,13780.666666666666,17115.333333333332
"Azir , Orianna",4.5,0.5,4.5,145.5,129.5,13312.0,21198.0
"Azir , Qiyana",2.0,0.5,4.0,145.5,133.0,11790.0,9619.5
"Azir , Renekton",2.0,1.0,5.0,146.0,131.0,13904.0,10725.0
"Azir , Ryze",2.3333333333333335,0.6666666666666666,7.666666666666667,145.0,137.0,12616.0,13794.666666666666
"Azir , Sylas",3.0,0.0,8.0,157.0,138.0,17830.0,17127.0
"Azir , Syndra",4.0,1.0,3.0,151.0,142.0,16045.0,15790.0
"Azir , Taliyah",2.25,1.25,3.75,149.5,127.5,12164.5,9245.5
"Azir , Twisted Fate",2.0,2.0,3.0,149.0,148.0,15470.0,22919.0
"Azir , Veigar",3.0,1.0,2.0,156.0,126.0,16492.0,19623.0
"Azir , Vel'koz",4.5,2.0,6.5,145.0,146.5,14898.5,21918.0
"Azir , Vladimir",2.5,1.0,6.0,161.5,143.0,15181.0,25884.5
"Azir , Zilean",2.0,0.0,4.0,160.0,152.0,14179.0,14447.0
"Azir , Zoe",2.857142857142857,1.7142857142857142,6.857142857142857,143.66666666666666,143.66666666666666,14245.333333333334,16639.666666666668
"Bard , Tahm Kench",0.0,0.0,14.0,,,,
"Bard , Taric",1.0,2.0,11.0,,,,
"Braum , Galio",1.0,2.0,3.0,21.0,83.0,12121.0,4064.0
"Braum , Leona",0.0,0.0,13.0,21.0,20.0,7674.0,4771.0
"Braum , Lux",0.6666666666666666,1.3333333333333333,8.0,22.5,2.5,8006.5,3588.5
"Braum , Morgana",1.0,0.0,10.0,93.0,11.0,12266.0,5870.0
"Braum , Nautilus",0.5,2.6,11.7,24.5,25.375,9528.75,4912.625
"Braum , Rakan",0.6666666666666666,1.6666666666666667,15.0,22.0,5.0,6964.5,3976.0
"Braum , Shen",1.0,0.0,15.0,27.0,32.0,9111.0,5174.0
"Braum , Tahm Kench",0.6842105263157895,1.368421052631579,10.68421052631579,28.11764705882353,28.294117647058822,9709.470588235294,4855.176470588235
"Braum , Thresh",0.0,3.5,12.5,22.5,11.5,8186.0,3397.0
"Braum , Yuumi",2.0,0.0,10.0,25.0,7.0,10484.0,4798.0
"Caitlyn , Ashe",4.5,0.5,5.0,,,,
"Caitlyn , Ezreal",4.0,0.0,4.0,,,,
"Caitlyn , Lucian",5.0,1.0,6.0,,,,
"Caitlyn , Sivir",4.5,1.0,8.0,144.0,136.0,19734.5,31901.5
"Caitlyn , Sona",6.0,0.0,3.5,147.0,87.0,10733.0,7191.0
"Caitlyn , Varus",8.0,1.0,3.0,127.0,127.0,15984.0,20388.0
"Caitlyn , Xayah",3.8333333333333335,1.3333333333333333,6.5,147.4,130.8,14988.4,16637.4
"Camille , Aatrox",5.0,1.1,4.4,120.33333333333333,120.0,14856.111111111111,14368.0
"Camille , Azir",2.5,2.5,8.5,106.0,144.0,12647.0,8958.5
"Camille , Gnar",2.0,4.0,5.0,121.0,88.0,15051.0,17981.0
"Camille , Irelia",5.5,1.5,9.5,121.0,138.5,12800.0,15523.5
"Camille , Jarvan IV",2.0,4.0,5.0,119.0,110.0,11311.0,9543.0
"Camille , Jax",4.0,2.0,8.0,,,,
"Camille , Jayce",3.0,2.0,8.333333333333334,107.0,134.33333333333334,13219.666666666666,10490.333333333334
"Camille , Karma",7.0,0.0,1.0,127.0,122.0,16563.0,9642.0
"Camille , Kennen",3.0,2.0,4.0,133.0,137.0,14232.0,8414.0
"Camille , Lissandra",6.0,1.0,4.0,149.0,155.0,15937.0,12732.0
"Camille , Mordekaiser",0.0,2.0,7.0,118.0,105.0,9422.0,6983.0
"Camille , Neeko",6.0,1.0,4.0,119.0,146.0,15354.0,11745.0
"Camille , Pyke",8.0,0.0,13.0,129.0,117.0,14331.0,16821.0
"Camille , Rek'Sai",3.0,0.0,7.0,,,,
"Camille , Renekton",6.0,1.0,7.5,126.0,133.0,14983.5,21049.0
"Camille , Sylas",5.5,0.5,6.5,141.0,143.0,12760.0,7388.0
"Camille , Syndra",2.0,5.0,3.0,,,,
"Camille , Vladimir",6.666666666666667,2.6666666666666665,6.333333333333333,120.0,115.0,16335.5,25268.5
"Camille , Yasuo",3.0,2.0,7.0,141.0,139.0,15243.0,14032.0
"Cassiopeia , Corki",1.5,1.5,5.5,150.5,144.0,12963.0,17099.0
"Cassiopeia , Vel'koz",2.0,1.0,9.0,,,,
"Cassiopeia , Vladimir",2.0,0.0,4.0,152.0,140.0,11431.0,12323.0
"Corki , Aatrox",3.8,1.6,5.8,150.0,137.0,14310.666666666666,24070.666666666668
"Corki , Akali",5.5,2.5,8.0,148.5,124.0,17641.5,39346.5
"Corki , Azir",4.36,0.76,5.2,148.2608695652174,147.82608695652175,15228.91304347826,18717.956521739132
"Corki , Camille",5.0,1.0,7.0,130.0,126.0,16621.0,29465.0
"Corki , Cassiopeia",5.0,1.6666666666666667,8.0,154.5,144.5,14530.5,18645.5
"Corki , Irelia",2.0,1.0,8.5,144.5,143.0,15461.5,17069.5
"Corki , Jayce",6.0,1.0,7.0,139.0,136.0,15346.0,24340.0
"Corki , Karma",2.5,0.5,4.0,154.5,143.0,16739.0,29025.5
"Corki , Kassadin",5.0,2.0,2.0,,,,
"Corki , Kennen",7.0,3.0,4.0,,,,
"Corki , LeBlanc",4.0,2.3333333333333335,4.0,137.0,129.33333333333334,15171.0,22455.0
"Corki , Lissandra",3.0,1.0,8.0,159.5,145.0,15832.5,17174.5
"Corki , Lucian",3.0,1.0,10.0,145.0,151.0,14146.0,24263.0
"Corki , Nautilus",4.0,2.0,5.0,143.0,112.0,12170.0,11450.0
"Corki , Neeko",3.5,0.5,3.5,153.5,136.0,14608.5,18000.5
"Corki , Orianna",6.0,3.0,11.0,163.0,145.0,17255.0,28745.0
"Corki , Renekton",4.0,0.0,0.0,,,,
"Corki , Ryze",5.0,2.0,2.0,169.0,153.0,15122.0,17015.0
"Corki , Sylas",4.0,1.0,5.0,160.0,150.0,18018.0,26443.0
"Corki , Taliyah",1.0,0.0,1.0,162.0,143.0,12818.0,14964.0
"Corki , Twisted Fate",10.0,0.0,11.0,170.0,132.0,20009.0,28517.0
"Corki , Veigar",6.0,1.0,4.0,130.0,143.0,21183.0,40091.0
"Corki , Vel'koz",3.0,1.0,9.0,148.0,155.0,12066.0,10423.0
"Corki , Vladimir",2.0,1.5,5.0,144.5,135.0,16350.0,25601.0
"Corki , Zed",4.0,0.0,4.0,156.0,121.0,12944.0,13412.0
"Corki , Zoe",5.0,0.0,3.0,133.0,159.0,18150.0,28985.0
"Dr. Mundo , Fiora",3.0,3.0,8.0,,,,
"Draven , Ezreal",3.0,1.0,4.75,149.5,142.0,15712.5,12341.75
"Draven , Kai'Sa",6.0,4.0,10.0,,,,
"Draven , Lucian",6.0,1.0,7.0,145.0,131.0,16418.0,18010.0
"Draven , Sivir",5.5,2.0,3.5,139.0,121.0,15503.0,10857.0
"Draven , Sona",3.5,1.0,5.5,139.5,64.0,15085.0,16450.0
"Draven , Xayah",7.0,3.0,3.0,119.0,117.0,14964.0,14539.0
"Ekko , Azir",4.0,3.0,3.0,141.0,140.0,13127.0,15639.0
"Elise , Aatrox",2.0,5.0,17.0,,,,
"Elise , Gragas",2.0,0.0,5.0,81.0,74.0,11156.0,7833.0
"Elise , Hecarim",2.0,1.0,5.0,90.0,85.0,8630.0,5556.0
"Elise , Jarvan IV",2.25,0.75,4.75,78.33333333333333,83.66666666666667,10361.0,8601.333333333334
"Elise , Kindred",5.0,1.0,8.0,78.0,85.0,11926.0,14475.0
"Elise , Lee Sin",2.3333333333333335,1.6666666666666667,4.5,80.0,81.0,10317.5,8871.75
"Elise , Nocturne",2.0,0.0,7.0,70.0,84.0,9060.0,4855.0
"Elise , Olaf",7.0,0.0,5.0,72.0,88.0,10828.0,10526.0
"Elise , Rek'Sai",3.75,1.75,7.5,87.5,81.5,12418.0,11224.0
"Elise , Sejuani",3.6666666666666665,2.0,7.0,76.0,73.0,11793.0,12979.0
"Elise , Skarner",5.0,1.0,11.0,91.0,71.0,9903.0,7614.0
"Elise , Sylas",1.0,3.0,9.0,75.0,84.0,11142.0,11327.0
"Elise , Xin Zhao",2.0,1.75,6.0,79.66666666666667,86.0,10924.0,7672.0
"Evelynn , Elise",3.0,1.0,6.0,88.0,93.0,11717.0,11210.0
"Ezreal , Ashe",4.0,1.0,6.666666666666667,130.33333333333334,148.0,14820.0,25712.333333333332
"Ezreal , Caitlyn",4.5,1.5,3.5,161.0,121.0,13581.0,22153.0
"Ezreal , Draven",7.0,1.0,3.0,145.0,133.0,14610.0,20326.0
"Ezreal , Jinx",2.0,0.0,3.0,153.0,153.0,23256.0,25716.0
"Ezreal , Kai'Sa",3.5,1.0,6.125,145.25,140.625,14483.5,20170.875
"Ezreal , Kaisa",5.0,1.0,6.0,,,,
"Ezreal , Kalista",5.0,1.0,5.5,134.0,142.0,17985.5,35617.5
"Ezreal , Lucian",5.5,0.5,5.0,136.0,137.33333333333334,14085.0,20688.0
"Ezreal , Pantheon",5.0,2.0,7.0,115.0,77.0,12342.0,12866.0
"Ezreal , Sivir",3.8125,0.8125,6.4375,140.28571428571428,143.92857142857142,16329.142857142857,23168.0
"Ezreal , Sona",2.0,1.0,4.0,,,,
"Ezreal , Swain",7.0,4.0,6.0,135.0,125.0,14058.0,33016.0
"Ezreal , Syndra",4.0,0.0,7.0,139.0,149.0,12671.0,17745.0
"Ezreal , Varus",4.25,0.5,4.5,143.75,135.75,14217.5,20631.75
"Ezreal , Vayne",9.0,1.0,7.0,142.5,136.0,15544.5,31127.5
"Ezreal , Viktor",3.5,2.0,8.0,133.0,86.5,16594.5,37137.0
"Ezreal , Xayah",3.15,0.75,5.3,139.22222222222223,138.22222222222223,15121.722222222223,21010.833333333332
"Ezreal , Yasuo",8.0,2.0,5.0,112.0,123.0,14899.0,14013.0
"Fiddlesticks , Lux",0.0,1.0,10.0,,,,
"Fiddlesticks , Morgana",1.0,5.0,11.0,,,,
"Fiddlesticks , Tahm Kench",2.0,2.0,4.0,3.0,35.0,7554.0,7412.0
"Fiora , Aatrox",4.666666666666667,1.3333333333333333,3.0,137.0,127.6,15923.8,18521.4
"Fiora , Azir",1.0,2.0,1.0,99.0,148.0,11413.0,9069.0
"Fiora , Karma",2.0,0.0,4.0,,,,
"Fiora , Mordekaiser",1.0,2.0,5.0,,,,
"Fizz , Taliyah",5.0,4.0,7.0,130.0,136.0,18079.0,17866.0
"Galio , Braum",0.6666666666666666,2.6666666666666665,13.0,24.0,23.0,9584.0,6637.0
"Galio , Karma",1.0,0.0,9.0,67.0,12.0,12089.0,5415.0
"Galio , Lux",2.0,1.0,9.0,22.0,5.0,6919.0,3656.0
"Galio , Morgana",4.0,5.0,13.0,,,,
"Galio , Nautilus",1.1,2.6,12.3,22.333333333333332,26.333333333333332,10896.666666666666,5869.333333333333
"Galio , Pyke",2.0,4.0,12.0,31.0,5.0,8440.0,6789.0
"Galio , Rakan",0.5,3.0,9.666666666666666,25.75,6.0,8316.0,4139.75
"Galio , Shen",2.0,1.0,12.0,74.0,35.0,8994.0,5590.0
"Galio , Yuumi",0.0,0.0,9.0,,,,
"Gangplank , Aatrox",2.2,0.8,7.2,111.25,136.75,12693.0,15101.0
"Gangplank , Akali",5.0,2.0,3.0,,,,
"Gangplank , Camille",3.5,2.5,5.5,112.0,127.0,16698.0,21074.0
"Gangplank , Gnar",4.0,1.0,14.0,,,,
"Gangplank , Irelia",3.0,1.5,8.0,125.0,111.0,16147.0,26444.0
"Gangplank , Jayce",3.0,6.0,8.0,130.0,119.0,22063.0,38377.0
"Gangplank , Kennen",3.0,1.0,3.0,126.0,123.0,15220.0,22008.0
"Gangplank , Mordekaiser",2.0,0.0,12.0,,,,
"Gangplank , Neeko",3.0,3.0,14.0,,,,
"Gangplank , Renekton",1.75,2.5,8.75,116.0,125.5,14232.0,20657.0
"Gangplank , Rumble",3.0,1.0,4.0,,,,
"Gangplank , Sion",1.0,0.0,11.0,,,,
"Gangplank , Sylas",6.5,1.5,3.5,,,,
"Gangplank , Tahm Kench",3.0,1.0,11.0,124.0,111.0,17283.0,22551.0
"Gangplank , Vladimir",3.0,0.8333333333333334,6.0,136.66666666666666,130.66666666666666,13233.333333333334,16209.0
"Gangplank , Yorick",4.0,2.0,5.0,116.0,134.0,19932.0,26777.0
"Gnar , Aatrox",2.8333333333333335,1.6666666666666667,4.166666666666667,125.6,133.8,13505.0,17454.0
"Gnar , Camille",1.6666666666666667,2.6666666666666665,5.0,126.33333333333333,117.66666666666667,11748.0,12741.0
"Gnar , Gangplank",2.0,2.0,9.0,109.0,124.0,13129.0,8789.0
"Gnar , Irelia",1.0,0.0,5.0,105.0,127.0,10288.0,12266.0
"Gnar , Jarvan IV",3.0,1.0,2.0,140.0,139.0,11870.0,12952.0
"Gnar , Kennen",3.0,2.0,3.0,130.0,126.0,11631.0,13070.0
"Gnar , Mordekaiser",2.0,2.0,7.0,123.0,99.0,14405.0,18982.0
"Gnar , Neeko",0.0,2.0,6.0,136.0,118.0,11874.0,7051.0
"Gnar , Rumble",2.0,1.0,5.0,126.0,135.5,13275.5,10033.0
"Gragas , Aatrox",1.0,1.0,4.0,76.0,84.0,11409.0,9431.0
"Gragas , Elise",5.5,3.0,9.0,90.0,84.0,13225.0,11890.0
"Gragas , Evelynn",3.0,0.0,6.0,117.0,104.0,12935.0,9990.0
"Gragas , Jarvan IV",2.25,1.5,7.5,83.0,91.66666666666667,11376.0,10066.333333333334
"Gragas , Karthus",7.0,1.0,1.0,81.0,113.0,13390.0,12233.0
"Gragas , Kha'zix",4.0,1.0,5.0,100.0,86.0,11146.0,10235.0
"Gragas , Kindred",2.0,2.0,10.0,,,,
"Gragas , Lee Sin",3.0,1.2857142857142858,7.428571428571429,80.83333333333333,89.0,11051.333333333334,10106.166666666666
"Gragas , Lux",3.0,1.0,4.0,4.0,4.0,9041.0,7049.0
"Gragas , Olaf",5.0,0.5,8.75,73.33333333333333,94.33333333333333,10822.333333333334,13366.666666666666
"Gragas , Rek'Sai",1.5,1.25,5.25,81.66666666666667,95.0,11518.0,7727.0
"Gragas , Renekton",1.0,3.0,6.0,91.0,139.0,11263.0,14957.0
"Gragas , Sejuani",2.1666666666666665,3.0,10.166666666666666,82.5,97.5,11998.5,12745.5
"Gragas , Skarner",2.5,1.0,8.5,94.5,79.0,11758.5,12314.0
"Gragas , Sylas",5.0,2.0,9.5,98.0,87.0,15218.0,24118.0
"Gragas , Xin Zhao",4.0,0.6666666666666666,6.0,91.0,91.5,10972.5,12401.0
"Gragas , Yuumi",2.5,2.5,5.0,28.5,4.0,10257.0,8669.0
"Graves , Jarvan IV",4.0,4.0,6.0,81.0,70.0,17910.0,12531.0
"Hecarim , Jarvan IV",10.0,3.0,6.0,110.0,86.0,13197.0,21948.0
"Hecarim , Nocturne",5.0,3.0,5.0,93.0,89.0,12274.0,10312.0
"Hecarim , Rek'Sai",4.0,2.0,9.0,84.0,81.0,11626.0,10918.0
"Hecarim , Renekton",2.0,1.0,9.0,,,,
"Hecarim , Sylas",7.0,0.0,9.0,,,,
"Hecarim , Vi",1.0,5.0,10.0,110.0,93.0,12741.0,8693.0
"Heimerdinger , Varus",1.0,0.0,8.0,137.0,123.0,10944.0,21675.0
"Heimerdinger , Vel'koz",5.0,1.0,7.0,136.0,123.0,17213.0,36988.0
"Irelia , Aatrox",5.4,1.6,5.0,135.8,130.2,13924.6,12433.6
"Irelia , Akali",4.0,4.0,5.5,119.0,125.0,14818.0,19004.0
"Irelia , Azir",4.0,1.0,8.0,147.0,130.0,14724.0,9134.0
"Irelia , Corki",3.0,2.0,7.0,142.0,169.0,11952.0,6545.0
"Irelia , Gangplank",0.0,0.0,5.0,139.0,123.0,15427.0,7493.0
"Irelia , Jax",4.5,2.5,8.0,131.0,127.0,12648.0,11429.0
"Irelia , Jayce",5.75,2.5,4.25,145.0,111.0,14816.5,10701.5
"Irelia , Kennen",3.0,2.0,7.0,,,,
"Irelia , Lissandra",6.0,0.0,10.0,146.0,129.0,14739.0,15493.0
"Irelia , Lulu",2.5,1.0,6.5,137.0,122.0,11650.0,5103.0
"Irelia , Lux",5.0,1.0,4.0,155.0,115.0,14164.0,10418.0
"Irelia , Nautilus",11.0,1.0,12.0,,,,
"Irelia , Neeko",5.2,2.2,6.6,152.0,156.0,19051.0,7232.0
"Irelia , Orianna",3.0,0.0,4.0,130.0,112.0,14365.0,11921.0
"Irelia , Pantheon",6.0,5.0,6.0,,,,
"Irelia , Poppy",9.0,2.0,7.0,,,,
"Irelia , Pyke",5.0,0.0,6.0,138.0,89.0,13420.0,15407.0
"Irelia , Renekton",2.5714285714285716,1.7142857142857142,6.857142857142857,152.5,125.5,13427.5,11269.0
"Irelia , Ryze",5.5,0.5,7.5,140.5,131.5,13579.0,10315.0
"Irelia , Sylas",5.75,3.0,8.0,,,,
"Irelia , Twisted Fate",8.0,1.0,6.0,167.0,139.0,17382.0,14243.0
"Jarvan IV , Elise",3.5,2.5,13.75,79.33333333333333,78.66666666666667,10911.333333333334,6282.666666666667
"Jarvan IV , Gragas",0.7142857142857143,2.0,12.285714285714286,87.57142857142857,79.57142857142857,11463.42857142857,6389.714285714285
"Jarvan IV , Graves",1.0,1.0,9.0,96.0,95.0,12267.0,4798.0
"Jarvan IV , Hecarim",4.0,3.5,9.5,101.0,107.5,13534.0,8771.0
"Jarvan IV , Jayce",3.0,0.0,14.0,134.0,153.0,11408.0,11434.0
"Jarvan IV , Karthus",1.5,1.0,9.0,82.0,93.0,8907.0,4624.0
"Jarvan IV , Lee Sin",3.0,1.0,11.2,92.25,82.5,13135.5,9227.5
"Jarvan IV , Olaf",2.272727272727273,1.6363636363636365,11.454545454545455,86.71428571428571,85.28571428571429,10709.0,5068.428571428572
"Jarvan IV , Poppy",1.0,1.0,12.0,98.0,83.0,12260.0,6306.0
"Jarvan IV , Rek'Sai",1.5833333333333333,2.0833333333333335,10.833333333333334,90.0,84.5,11822.75,5157.0
"Jarvan IV , RekSai",2.0,1.0,16.0,,,,
"Jarvan IV , Rumble",4.0,2.0,8.0,125.0,96.0,11554.0,10375.0
"Jarvan IV , Sejuani",1.3571428571428572,1.7142857142857142,12.071428571428571,82.08333333333333,82.58333333333333,10949.416666666666,6647.25
"Jarvan IV , Skarner",1.75,1.75,10.5,83.25,84.25,11188.0,5407.25
"Jarvan IV , Sylas",2.0,1.3333333333333333,10.333333333333334,80.0,81.33333333333333,10062.666666666666,4449.666666666667
"Jarvan IV , Tahm Kench",1.0,1.0,13.0,93.0,27.0,8369.0,3036.0
"Jarvan IV , Vi",2.0,2.0,11.0,72.0,88.0,10581.0,4594.0
"Jarvan IV , Xin Zhao",2.75,2.125,10.5,78.25,77.75,10591.25,5653.75
"Jax , Aatrox",3.8,1.6,5.6,125.8,131.0,15580.2,13654.0
"Jax , Irelia",3.0,0.0,6.0,,,,
"Jax , Jarvan IV",3.0,1.0,3.0,88.0,84.0,12095.0,4184.0
"Jax , Kennen",3.0,1.0,0.0,,,,
"Jax , Mordekaiser",9.0,0.0,5.0,,,,
"Jayce , Aatrox",4.111111111111111,1.7777777777777777,5.777777777777778,132.75,126.5,15228.625,21547.0
"Jayce , Akali",3.0,0.6666666666666666,7.333333333333333,145.66666666666666,139.66666666666666,14025.333333333334,15693.0
"Jayce , Azir",6.333333333333333,1.3333333333333333,11.0,128.0,125.0,12913.0,23513.0
"Jayce , Camille",3.6666666666666665,2.0,5.833333333333333,114.66666666666667,122.0,13274.333333333334,19360.0
"Jayce , Cassiopeia",2.0,6.0,8.0,100.0,109.0,10909.0,11526.0
"Jayce , Corki",4.0,1.0,10.0,141.0,146.0,14644.0,21923.666666666668
"Jayce , Gnar",3.0,1.5,4.0,132.0,114.0,12943.0,18720.5
"Jayce , Gragas",5.0,1.0,6.0,143.0,117.0,15877.0,22331.0
"Jayce , Irelia",6.0,3.0,4.0,126.0,115.0,14008.0,15787.0
"Jayce , Jarvan IV",1.5,2.5,4.0,124.5,100.0,13708.0,16968.5
"Jayce , Karma",10.0,0.0,10.0,,,,
"Jayce , Kennen",3.4,1.8,7.6,140.0,127.66666666666667,16985.666666666668,21288.333333333332
"Jayce , Lulu",1.0,0.0,5.0,148.0,152.0,11980.0,7862.0
"Jayce , Malphite",4.0,1.0,1.0,135.0,113.0,13712.0,14436.0
"Jayce , Mordekaiser",1.0,3.0,12.0,,,,
"Jayce , Neeko",4.5,1.8333333333333333,6.0,145.5,127.0,16682.0,18254.0
"Jayce , Ornn",4.666666666666667,3.0,5.0,138.0,110.33333333333333,16151.0,24436.333333333332
"Jayce , Poppy",2.0,2.0,10.0,144.0,129.0,12531.0,14171.0
"Jayce , Pyke",1.0,3.0,4.0,158.0,109.0,12174.0,13618.0
"Jayce , Quinn",4.0,2.0,2.0,,,,
"Jayce , Renekton",4.333333333333333,1.6666666666666667,8.333333333333334,123.5,128.0,13948.5,18153.5
"Jayce , Rengar",5.0,2.0,9.0,99.0,129.0,13063.0,18618.0
"Jayce , Rumble",3.3333333333333335,2.0,4.333333333333333,129.0,121.66666666666667,13784.333333333334,14797.666666666666
"Jayce , Ryze",4.8,2.0,8.8,152.5,148.0,12404.0,12146.0
"Jayce , Sion",7.0,5.0,3.0,155.0,112.0,18005.0,34664.0
"Jayce , Sylas",4.142857142857143,1.8571428571428572,6.571428571428571,136.75,132.5,12204.75,11686.75
"Jayce , Vladimir",4.0,0.75,4.5,128.5,111.0,12574.25,16465.75
"Jayce , Yorick",3.5,1.0,8.5,135.0,132.5,18518.5,24158.5
"Jayce , Zoe",3.0,0.5,6.0,150.0,149.0,12217.0,15349.0
"Jinx , Ezreal",3.5,1.0,8.0,153.0,132.5,16627.0,15659.0
"Jinx , Kai'Sa",1.0,1.0,4.0,159.0,133.0,14903.0,18930.0
"Jinx , Sivir",4.0,0.75,8.0,140.66666666666666,130.33333333333334,13323.333333333334,16823.666666666668
"Jinx , Tristana",5.0,0.0,5.0,149.0,132.0,12980.0,12972.0
"Jinx , Xayah",5.0,1.0,2.0,119.0,130.0,17749.0,20136.0
"Kai'Sa , Ashe",2.0,3.0,14.0,,,,
"Kai'Sa , Ezreal",4.75,0.625,3.5,141.33333333333334,141.0,14161.0,16871.0
"Kai'Sa , Galio",5.0,0.0,6.0,146.0,26.0,14384.0,12387.0
"Kai'Sa , Jinx",7.0,1.0,3.0,,,,
"Kai'Sa , Kalista",7.0,1.0,5.0,135.0,136.0,14682.0,9743.0
"Kai'Sa , Kog'Maw",6.0,5.0,14.0,,,,
"Kai'Sa , Lucian",6.2727272727272725,1.7272727272727273,6.0,135.5,130.75,14826.5,13779.75
"Kai'Sa , Sivir",5.875,1.5625,5.125,135.8,137.2,17319.4,15693.6
"Kai'Sa , Sona",4.0,0.0,2.0,,,,
"Kai'Sa , Varus",3.0,1.0,5.5,135.5,144.5,13607.0,10379.5
"Kai'Sa , Xayah",6.777777777777778,1.5555555555555556,6.277777777777778,132.625,135.25,17546.75,21408.75
"Kaisa , Caitlyn",3.0,1.0,3.0,,,,
"Kaisa , Lucian",5.0,5.0,7.0,,,,
"Kaisa , Sivir",7.0,1.0,10.0,,,,
"Kaisa , Xayah",8.5,2.5,8.0,,,,
"Kalista , Ezreal",4.0,0.25,6.5,147.0,128.0,16360.2,11720.0
"Kalista , Kai'Sa",4.5,1.5,6.5,131.0,122.0,18895.5,14269.5
"Kalista , Kaisa",3.0,2.0,9.0,,,,
"Kalista , Lucian",4.666666666666667,0.3333333333333333,6.0,138.33333333333334,150.66666666666666,14204.666666666666,14593.333333333334
"Kalista , Sivir",3.7142857142857144,1.1428571428571428,7.142857142857143,137.2,132.6,15109.2,10790.4
"Kalista , Sona",2.0,0.0,9.0,138.0,68.0,12919.0,9840.0
"Kalista , Syndra",7.0,1.0,13.0,126.0,151.0,16509.0,17642.0
"Kalista , Varus",3.0,0.0,3.0,164.0,119.0,12131.0,11932.0
"Kalista , Vladimir",10.0,1.0,13.0,,,,
"Karma , Aatrox",0.0,0.0,6.0,133.0,102.0,12246.0,10029.0
"Karma , Akali",0.0,1.0,6.0,146.0,131.0,10444.0,9217.0
"Karma , Azir",3.5,0.0,5.5,142.0,161.0,14444.0,14678.5
"Karma , Camille",1.0,0.0,4.0,,,,
"Karma , Corki",2.0,1.0,7.5,143.5,153.5,12374.0,6601.5
"Karma , Ezreal",4.0,0.0,11.0,100.0,132.0,11057.0,13216.0
"Karma , Hecarim",2.0,1.0,7.0,,,,
"Karma , Irelia",5.0,2.0,8.0,,,,
"Karma , Jayce",3.0,1.0,9.0,134.0,117.0,8586.0,9380.0
"Karma , Kennen",1.0,0.0,7.0,,,,
"Karma , Kled",1.0,2.0,14.0,128.0,141.0,14474.0,14655.0
"Karma , LeBlanc",1.0,1.0,10.0,140.0,160.0,16002.0,16357.0
"Karma , Lux",0.6,1.8,11.2,3.6666666666666665,5.333333333333333,8381.0,5870.0
"Karma , Neeko",0.3333333333333333,1.0,7.333333333333333,141.0,151.0,10232.0,6250.0
"Karma , Renekton",3.0,4.0,13.0,117.0,114.0,12113.0,17221.0
"Karma , Rumble",2.0,1.5,10.0,105.5,127.0,10153.5,5541.5
"Karma , Ryze",3.0,2.0,9.0,120.0,138.0,14064.0,13989.0
"Karma , Sion",1.0,1.0,6.0,,,,
"Karma , Sylas",2.3333333333333335,0.8333333333333334,13.666666666666666,,,,
"Karma , Syndra",1.0,0.0,6.0,160.0,162.0,11292.0,8849.0
"Karma , Tahm Kench",3.0,0.0,11.0,4.0,20.0,10745.0,8486.0
"Karma , Taliyah",2.0,0.0,14.0,,,,
"Karma , Viktor",3.0,1.0,16.0,,,,
"Karma , Yasuo",2.0,1.0,17.0,,,,
"Karma , Yuumi",2.0,2.0,11.0,33.0,3.0,8544.0,8935.0
"Karma , Zoe",1.0,1.0,14.0,,,,
"Karthus , Gragas",3.5,3.25,9.75,110.5,92.5,13410.25,17847.75
"Karthus , Jarvan IV",5.0,4.5,8.5,103.0,82.5,14281.0,20457.0
"Karthus , Lee Sin",1.0,1.0,6.0,103.0,92.0,11554.0,10392.0
"Karthus , Nidalee",3.0,0.0,8.0,,,,
"Karthus , Olaf",5.0,2.3333333333333335,9.333333333333334,105.0,81.5,10014.0,8263.0
"Karthus , Sejuani",2.6666666666666665,3.6666666666666665,10.666666666666666,110.33333333333333,79.66666666666667,12668.666666666666,18958.0
"Karthus , Skarner",1.0,2.0,4.0,90.0,91.0,11243.0,10313.0
"Karthus , Sylas",8.0,3.0,11.0,,,,
"Karthus , Taliyah",5.5,3.0,7.0,92.0,87.0,11881.0,17412.0
"Karthus , Xin Zhao",3.5,3.0,6.0,125.0,84.0,12192.0,18089.0
"Kayn , Karthus",5.0,5.0,4.0,96.0,131.0,17680.0,25202.0
"Kayn , Sejuani",5.0,2.0,7.0,110.0,97.0,13552.0,10155.0
"Kennen , Aatrox",2.9,2.0,6.2,129.0,125.7,13568.1,15846.4
"Kennen , Camille",1.5,2.0,6.0,112.5,115.5,13990.5,14980.0
"Kennen , Dr. Mundo",5.0,1.0,13.0,,,,
"Kennen , Gangplank",5.5,0.5,4.5,128.0,145.0,13371.0,17102.0
"Kennen , Gnar",3.0,2.5,2.5,138.0,134.0,12253.0,8129.0
"Kennen , Irelia",4.75,2.25,4.75,115.5,146.5,14619.0,20185.0
"Kennen , Jayce",1.0,2.5,10.5,108.5,126.5,11747.0,10683.5
"Kennen , Karma",5.0,2.0,4.666666666666667,150.33333333333334,125.33333333333333,19816.333333333332,18442.333333333332
"Kennen , Mordekaiser",8.0,2.0,1.0,,,,
"Kennen , Neeko",2.6,1.8,5.2,129.75,121.75,13315.0,13350.0
"Kennen , Ornn",2.5,2.0,5.0,125.0,106.5,14756.5,16806.5
"Kennen , Poppy",2.0,3.0,9.0,135.0,77.0,15862.0,21692.0
"Kennen , Renekton",4.0,1.0,6.5,128.5,124.0,12364.0,12349.0
"Kennen , Rumble",4.0,2.1666666666666665,5.333333333333333,133.5,123.0,13102.5,14754.75
"Kennen , Sejuani",0.0,3.0,5.0,,,,
"Kennen , Sion",3.0,1.0,10.0,,,,
"Kennen , Sylas",7.0,1.0,3.0,143.0,125.0,10859.0,9189.0
"Kennen , Viktor",3.0,0.0,4.0,131.5,142.0,13590.0,12344.5
"Kennen , Vladimir",4.666666666666667,2.0,6.666666666666667,143.0,129.0,16086.0,29343.0
"Kennen , Yasuo",2.0,1.0,7.0,,,,
"Kha'zix , Skarner",1.0,5.0,2.0,100.0,86.0,10070.0,6672.0
"Kindred , Gragas",5.0,1.0,6.0,,,,
"Kindred , Jarvan IV",3.0,1.5,7.0,86.0,85.0,11231.0,9455.0
"Kindred , Lee Sin",7.0,1.0,2.0,87.0,67.0,10220.0,9041.0
"Kled , Aatrox",0.0,1.0,1.0,119.0,126.0,14947.0,5303.0
"Kled , Karma",4.0,2.0,13.0,105.0,122.0,14312.0,13267.0
"KogMaw , Sivir",5.0,3.0,6.0,,,,
"LeBlanc , Akali",3.0,0.6666666666666666,7.666666666666667,133.66666666666666,127.66666666666667,12931.0,15017.333333333334
"LeBlanc , Azir",3.0,1.0,8.0,134.0,132.0,13288.0,16213.666666666666
"LeBlanc , Syndra",1.0,1.0,6.0,149.0,131.0,14739.0,15114.0
"LeBlanc , Taliyah",5.333333333333333,1.3333333333333333,9.0,,,,
"LeBlanc , Talon",6.0,1.0,6.0,127.0,127.0,10989.0,16719.0
"LeBlanc , Zoe",2.75,0.75,6.75,130.5,129.0,11617.0,15908.0
"Lee Sin , Elise",3.0,1.0,10.0,96.0,98.0,13815.0,8599.0
"Lee Sin , Gragas",3.5,2.5,12.5,69.0,87.5,12410.0,10557.5
"Lee Sin , Jarvan IV",3.6,1.6,6.6,82.14285714285714,80.71428571428571,11163.92857142857,7906.928571428572
"Lee Sin , Karthus",2.0,2.0,6.0,85.0,108.0,11095.0,7162.0
"Lee Sin , Lucian",2.0,0.0,9.0,98.0,150.0,12080.0,6473.0
"Lee Sin , Nocturne",1.0,0.0,13.0,103.0,86.0,10748.0,6599.0
"Lee Sin , Olaf",2.7,1.5,7.6,82.125,87.5,11447.5,6688.875
"Lee Sin , Rek'Sai",8.0,1.0,7.0,88.0,89.0,12847.0,10859.0
"Lee Sin , Sejuani",4.333333333333333,2.0,6.666666666666667,82.0,75.66666666666667,14842.333333333334,9562.0
"Lee Sin , Skarner",2.5,2.0,4.0,80.0,81.0,11127.5,7313.5
"Lee Sin , Sylas",7.0,1.0,6.5,77.5,76.0,12125.0,10245.0
"Lee Sin , Xin Zhao",4.0,1.8333333333333333,7.666666666666667,84.25,87.25,13439.25,10872.25
"Lee Sin , Zac",0.0,4.0,6.0,78.0,81.0,8182.0,3571.0
"Leona , Nautilus",2.0,2.0,8.0,,,,
"Lissandra , Aatrox",1.0,3.0,7.0,134.0,153.0,13472.0,12650.0
"Lissandra , Akali",1.5,0.5,6.5,148.0,137.0,12405.5,11332.5
"Lissandra , Camille",2.0,1.0,4.0,174.0,147.0,18793.0,23702.0
"Lissandra , Corki",1.0,2.0,8.0,154.0,149.0,16409.0,16032.0
"Lissandra , Irelia",0.0,4.0,5.0,,,,
"Lissandra , LeBlanc",3.0,4.0,9.0,125.0,128.0,12244.0,15858.0
"Lissandra , Sylas",4.5,1.0,7.5,131.5,128.5,12816.0,13385.0
"Lucian , Ashe",3.5,1.0,7.0,147.5,149.5,16340.0,15078.5
"Lucian , Caitlyn",8.0,1.0,4.0,,,,
"Lucian , Corki",3.0,0.0,1.0,167.0,137.0,16122.0,12586.0
"Lucian , Ezreal",2.3333333333333335,1.6666666666666667,3.6666666666666665,157.0,129.0,16940.5,15752.0
"Lucian , Jinx",5.0,0.0,8.0,140.0,134.0,17434.0,22756.0
"Lucian , Kai'Sa",4.5,1.6666666666666667,6.5,144.25,116.0,15584.5,13585.0
"Lucian , Kaisa",5.0,3.0,7.5,,,,
"Lucian , Kalista",3.5,2.0,5.5,146.0,133.0,14703.0,11452.0
"Lucian , Sivir",4.4375,1.375,5.5625,144.46153846153845,130.84615384615384,15942.23076923077,15031.692307692309
"Lucian , Sona",10.0,3.0,9.0,138.0,60.0,20439.0,32568.0
"Lucian , Sylas",6.0,2.0,5.0,,,,
"Lucian , Taliyah",7.0,0.0,9.0,134.0,135.0,16762.0,26940.0
"Lucian , Varus",5.0,1.5,5.0,145.0,149.5,21013.0,19733.5
"Lucian , Xayah",3.857142857142857,1.0,5.857142857142857,151.33333333333334,134.66666666666666,15709.666666666666,21459.333333333332
"Lucian , Yasuo",10.0,3.0,8.0,,,,
"Lulu , Karma",6.0,0.0,8.0,,,,
"Lulu , Qiyana",2.0,3.0,12.0,,,,
"Lux , Alistar",1.0,1.0,15.0,8.0,14.0,7035.0,8266.0
"Lux , Azir",3.0,1.0,9.0,155.0,127.0,14413.0,32658.0
"Lux , Braum",0.75,1.75,8.25,4.75,28.75,9613.75,8372.25
"Lux , Corki",1.0,1.0,3.0,151.0,170.0,16338.0,12885.0
"Lux , Fiddlesticks",1.0,0.0,11.0,,,,
"Lux , Galio",1.5,0.5,12.5,4.0,26.0,8257.0,4331.0
"Lux , Irelia",0.0,0.0,13.0,138.0,158.0,11741.0,11799.0
"Lux , Karma",1.0,0.75,10.5,3.0,7.0,9575.0,5958.0
"Lux , Morgana",3.0,0.0,5.0,143.0,154.0,15348.0,17682.0
"Lux , Nautilus",1.35,1.75,11.05,7.785714285714286,23.428571428571427,9414.214285714286,7493.714285714285
"Lux , Pyke",1.5,2.0,9.5,3.0,18.0,7889.0,4331.0
"Lux , Rakan",1.5,1.2142857142857142,9.642857142857142,8.272727272727273,5.363636363636363,8969.0,6991.090909090909
"Lux , Tahm Kench",1.0,1.0833333333333333,11.125,6.666666666666667,28.933333333333334,8279.2,7132.0
"Lux , Taliyah",1.5,1.5,12.5,80.5,73.0,10816.0,13938.5
"Lux , Taric",0.0,4.0,7.0,5.0,18.0,6645.0,4384.0
"Lux , Thresh",0.0,0.5,7.5,5.0,19.0,7877.0,5652.0
"Lux , Yuumi",1.5,1.375,11.291666666666666,5.2,4.0,8682.8,6038.4
"Mordekaiser , Camille",4.333333333333333,0.3333333333333333,2.3333333333333335,136.0,106.0,15397.0,14295.0
"Mordekaiser , Fiora",1.0,0.0,5.0,,,,
"Mordekaiser , Gnar",2.0,2.0,4.0,135.0,152.0,12094.0,16071.0
"Mordekaiser , Jax",7.0,1.0,6.0,138.0,121.0,15863.0,19462.0
"Mordekaiser , Viktor",3.0,5.0,9.0,,,,
"Morgana , Galio",1.0,4.0,14.0,,,,
"Morgana , Nautilus",1.1428571428571428,1.4285714285714286,11.428571428571429,7.5,22.0,8372.5,4993.0
"Morgana , Pyke",2.0,1.0,8.0,12.0,16.0,9590.0,6457.0
"Morgana , Rakan",0.5,2.5,16.0,4.0,5.0,9589.0,6204.0
"Morgana , Varus",1.0,3.0,15.0,107.0,115.0,11283.0,10888.0
"Morgana , Yuumi",2.0,0.0,11.0,,,,
"Nautilus , Alistar",1.0,2.6666666666666665,9.333333333333334,,,,
"Nautilus , Braum",0.7777777777777778,2.2222222222222223,9.88888888888889,23.142857142857142,25.571428571428573,9117.57142857143,4878.857142857143
"Nautilus , Fiddlesticks",1.0,0.0,13.0,,,,
"Nautilus , Galio",0.375,2.625,9.0,25.0,27.333333333333332,9956.0,5192.333333333333
"Nautilus , Lux",1.0,2.2222222222222223,7.444444444444445,21.142857142857142,4.428571428571429,8409.0,3324.285714285714
"Nautilus , Morgana",0.25,3.5,8.0,23.0,6.666666666666667,9421.333333333334,4160.333333333333
"Nautilus , Neeko",2.0,5.0,10.0,,,,
"Nautilus , Rakan",1.4,3.3,9.3,24.0,4.714285714285714,9241.857142857143,5173.285714285715
"Nautilus , Rumble",8.0,1.0,3.0,,,,
"Nautilus , Ryze",1.0,2.0,18.0,,,,
"Nautilus , Tahm Kench",0.75,2.875,9.375,26.166666666666668,32.333333333333336,8197.666666666666,4206.5
"Nautilus , Taliyah",2.0,2.0,9.0,,,,
"Nautilus , Taric",0.0,0.5,5.5,29.0,27.0,7253.0,3042.0
"Nautilus , Thresh",0.3333333333333333,2.0,9.333333333333334,24.333333333333332,5.0,8963.333333333334,4004.6666666666665
"Nautilus , Yuumi",0.85,2.05,9.3,24.833333333333332,3.111111111111111,8201.5,4772.166666666667
"Neeko , Aatrox",2.4285714285714284,1.7142857142857142,6.428571428571429,133.5,124.83333333333333,13403.333333333334,13192.666666666666
"Neeko , Azir",2.25,1.25,5.5,148.66666666666666,145.66666666666666,13361.0,9528.0
"Neeko , Cassiopeia",2.0,2.0,8.0,,,,
"Neeko , Corki",2.0,0.0,12.0,129.0,130.0,11088.0,13695.0
"Neeko , Ekko",3.0,2.0,8.0,110.0,112.0,9659.0,12002.0
"Neeko , Gangplank",3.0,1.0,9.0,133.0,104.0,12408.0,17929.0
"Neeko , Irelia",2.6666666666666665,1.6666666666666667,8.0,137.66666666666666,125.33333333333333,14031.666666666666,19567.0
"Neeko , Jayce",4.333333333333333,1.6666666666666667,9.666666666666666,116.0,125.0,14007.0,12367.5
"Neeko , Kai'Sa",2.0,3.0,2.0,145.0,144.0,12311.0,7684.0
"Neeko , Karma",5.0,2.0,10.0,,,,
"Neeko , Kennen",3.0,1.6666666666666667,4.5,142.4,130.0,13051.6,10968.2
"Neeko , LeBlanc",2.0,2.0,9.0,,,,
"Neeko , Lissandra",1.0,1.0,10.0,158.0,171.0,10830.0,7955.0
"Neeko , Lucian",3.0,3.0,1.0,123.0,147.0,14902.0,10417.0
"Neeko , Lulu",2.0,0.0,14.0,160.0,134.0,15162.0,22372.0
"Neeko , Mordekaiser",3.6666666666666665,3.0,5.0,138.0,105.0,13462.0,15006.5
"Neeko , Nautilus",5.0,0.0,4.0,149.0,109.0,11320.0,12834.0
"Neeko , Qiyana",0.5,3.5,11.5,121.0,114.0,11548.5,9815.0
"Neeko , Renekton",2.3333333333333335,4.0,9.0,,,,
"Neeko , Rumble",4.5,2.0,6.5,137.0,114.0,11591.0,12460.5
"Neeko , Ryze",3.25,2.0,8.75,136.0,134.0,19899.0,15735.0
"Neeko , Sylas",2.75,1.375,9.125,127.75,131.25,14229.5,15898.75
"Neeko , Taliyah",2.0,1.0,7.5,153.0,129.0,12774.0,7158.0
"Neeko , Viktor",3.0,1.0,7.5,,,,
"Neeko , Vladimir",3.0,2.5,6.5,124.5,110.0,11780.5,12074.5
"Neeko , Yasuo",1.0,2.0,5.0,135.0,108.0,15668.0,9515.0
"Neeko , Zilean",4.0,1.0,7.0,,,,
"Neeko , Zoe",3.0,0.0,4.0,156.0,135.0,14356.0,7431.0
"Nocturne , Olaf",5.0,1.0,9.0,,,,
"Olaf , Aatrox",2.0,1.0,4.0,,,,
"Olaf , Elise",1.0,0.0,2.0,92.0,84.0,11316.0,3867.0
"Olaf , Gragas",4.666666666666667,4.333333333333333,4.333333333333333,109.0,103.0,14089.0,9141.0
"Olaf , Jarvan IV",3.8,0.8,6.2,104.75,69.75,11922.25,7102.75
"Olaf , Karthus",4.0,0.5,4.0,100.0,80.0,12767.0,8948.0
"Olaf , Kindred",3.0,1.0,5.5,,,,
"Olaf , Lee Sin",3.2857142857142856,1.8571428571428572,6.571428571428571,91.4,83.6,12153.4,8238.8
"Olaf , Qiyana",2.0,3.0,7.0,80.0,78.0,9097.0,4216.0
"Olaf , Rek'Sai",4.857142857142857,1.0,4.428571428571429,86.5,92.5,10769.5,8527.0
"Olaf , Ryze",2.0,0.0,7.0,,,,
"Olaf , Sejuani",4.1,1.3,6.8,88.66666666666667,83.66666666666667,13001.555555555555,11164.222222222223
"Olaf , Sylas",6.5,1.75,6.75,76.0,80.5,12427.5,10729.5
"Olaf , Taliyah",2.0,2.0,5.0,96.0,69.0,12943.0,9311.0
"Olaf , Trundle",3.0,2.0,6.4,91.0,82.0,8746.0,4984.0
"Olaf , Urgot",3.0,1.0,7.0,90.0,83.0,10046.0,7393.0
"Olaf , Xin Zhao",6.5,3.0,6.5,107.0,78.0,12233.0,6981.0
"Orianna , Azir",2.5,1.5,8.0,135.5,135.0,14294.5,15152.0
"Orianna , Ryze",4.0,0.0,10.0,,,,
"Orianna , Zoe",1.0,0.0,13.0,153.0,149.0,16341.0,16072.0
"Ornn , Jayce",1.5,2.5,4.5,123.5,139.0,9392.0,6606.5
"Ornn , Kennen",0.0,3.0,9.0,118.0,137.0,12302.0,12215.0
"Poppy , Gragas",3.0,2.0,2.0,72.0,79.0,11493.0,4377.0
"Poppy , Irelia",3.0,3.0,10.0,103.0,130.0,12525.0,10709.0
"Poppy , Jayce",1.0,1.0,5.5,115.0,123.0,10660.0,8823.5
"Poppy , Kennen",1.0,1.0,4.0,110.0,125.0,10046.0,6059.0
"Poppy , Rumble",1.0,0.0,5.0,116.0,99.0,12303.0,7990.0
"Poppy , Skarner",4.5,3.0,7.0,76.0,84.0,13240.5,11968.0
"Poppy , Vladimir",3.0,0.0,4.0,121.0,145.0,10973.0,12458.0
"Pyke , Ezreal",4.5,2.5,8.0,94.5,119.0,10601.0,7358.0
"Pyke , Galio",0.0,1.0,4.0,91.0,26.0,8758.0,1724.0
"Pyke , Jayce",5.0,2.0,5.0,103.0,113.0,14531.0,13233.0
"Pyke , Kennen",8.0,2.0,7.0,,,,
"Pyke , Lucian",5.0,4.0,10.0,,,,
"Pyke , Lux",3.8,1.2,3.8,56.25,5.75,11197.0,6163.5
"Pyke , Morgana",6.0,3.0,9.0,,,,
"Pyke , Nautilus",7.0,4.0,7.0,24.0,25.0,10001.0,6939.0
"Pyke , Neeko",4.0,1.5,4.0,120.0,125.0,18332.0,10741.0
"Pyke , Renekton",13.0,2.0,9.0,102.0,129.0,12769.0,20098.0
"Pyke , Ryze",5.0,1.0,4.0,117.0,145.0,13810.0,10532.0
"Pyke , Tahm Kench",5.4,1.6,6.8,61.0,56.75,10102.25,5997.5
"Pyke , Taric",2.0,1.0,11.0,,,,
"Pyke , Xayah",6.0,1.0,13.0,81.0,110.0,9333.0,10775.0
"Pyke , Yuumi",3.0,1.5,5.0,42.0,3.0,8684.5,3902.5
"Qiyana , Akali",4.0,3.0,5.0,121.0,106.0,15471.0,17621.0
"Qiyana , Azir",4.0,1.0,6.333333333333333,114.0,138.0,14490.0,15877.0
"Qiyana , Corki",8.0,5.0,3.0,133.0,155.0,15949.0,19667.0
"Qiyana , Lulu",5.0,4.0,5.0,120.0,122.0,14665.0,16840.0
"Qiyana , Ryze",2.0,1.0,1.0,,,,
"Qiyana , Taliyah",5.5,1.5,5.0,132.0,129.0,11461.0,10103.0
"Qiyana , Twisted Fate",12.0,3.0,7.0,112.0,141.0,20351.0,38332.0
"Qiyana , Yasuo",9.0,3.0,6.0,128.0,123.0,16321.0,18526.0
"Rakan , Alistar",0.5,3.0,9.0,11.0,28.0,11552.0,9716.0
"Rakan , Braum",0.0,1.6666666666666667,7.666666666666667,8.0,25.0,7843.333333333333,5158.666666666667
"Rakan , Galio",0.2857142857142857,1.2857142857142858,12.285714285714286,5.571428571428571,21.142857142857142,8507.42857142857,3509.1428571428573
"Rakan , Lux",0.6666666666666666,2.6666666666666665,9.88888888888889,6.0,6.888888888888889,8840.444444444445,4118.111111111111
"Rakan , Morgana",0.0,0.5,8.0,7.0,6.0,9051.5,3867.5
"Rakan , Nautilus",1.1,2.1,13.1,5.5,23.375,8738.375,5239.375
"Rakan , Pyke",1.0,0.0,7.0,,,,
"Rakan , Tahm Kench",0.8,1.4666666666666666,11.6,5.6923076923076925,28.0,9215.0,6079.7692307692305
"Rakan , Taric",0.0,2.0,13.0,3.0,54.0,10493.0,7464.0
"Rakan , Thresh",0.0,2.0,8.333333333333334,4.666666666666667,11.666666666666666,9372.666666666666,2580.3333333333335
"Rakan , Yuumi",1.2857142857142858,1.1428571428571428,11.142857142857142,6.571428571428571,5.142857142857143,9027.285714285714,5099.857142857143
"Rek'Sai , Aatrox",2.0,4.0,5.0,88.0,102.0,10450.0,4033.0
"Rek'Sai , Elise",5.5,1.5,5.5,101.0,69.0,13949.0,12578.0
"Rek'Sai , Gragas",3.3333333333333335,2.8333333333333335,5.166666666666667,82.25,82.25,14054.25,9516.5
"Rek'Sai , Jarvan IV",3.0555555555555554,1.3333333333333333,6.833333333333333,97.58333333333333,83.0,12869.583333333334,8666.25
"Rek'Sai , Karthus",1.0,1.0,7.0,84.0,104.0,10469.0,6107.0
"Rek'Sai , Kayn",0.0,1.0,6.0,93.0,91.0,11566.0,3324.0
"Rek'Sai , Kha'zix",13.0,2.0,3.0,88.0,81.0,13333.0,14886.0
"Rek'Sai , Kindred",6.0,4.0,3.0,95.0,78.0,13613.0,11421.0
"Rek'Sai , Lee Sin",4.0,1.8,7.0,89.0,84.5,11579.0,7374.75
"Rek'Sai , Nocturne",8.0,3.0,8.0,,,,
"Rek'Sai , Olaf",4.0,1.3333333333333333,4.0,89.33333333333333,87.66666666666667,11321.666666666666,7175.666666666667
"Rek'Sai , Sejuani",2.75,1.125,7.25,82.0,87.0,10157.0,10290.0
"Rek'Sai , Skarner",0.0,4.0,7.0,93.0,81.0,13415.0,9198.0
"Rek'Sai , Sylas",2.0,1.0,10.0,89.0,69.0,9544.0,5790.0
"Rek'Sai , Taliyah",5.0,1.0,9.0,84.0,90.0,14130.0,12877.0
"Rek'Sai , Xin Zhao",4.0,3.0,10.0,,,,
"RekSai , Lee Sin",3.0,3.0,7.0,,,,
"RekSai , Sylas",1.0,0.0,4.0,,,,
"RekSai , Xin Zhao",8.0,3.0,5.0,,,,
"Renekton , Aatrox",1.0,2.0,3.0,121.5,120.5,10294.5,7933.0
"Renekton , Akali",4.2,1.2,6.8,137.33333333333334,113.0,15433.666666666666,13497.0
"Renekton , Camille",3.0,1.3333333333333333,8.333333333333334,119.5,117.5,13831.5,14174.0
"Renekton , Gangplank",3.0,3.25,6.0,126.0,126.33333333333333,15106.666666666666,16754.666666666668
"Renekton , Gnar",2.0,1.5,6.5,112.0,116.0,11019.0,9665.0
"Renekton , Hecarim",4.0,1.0,9.0,,,,
"Renekton , Irelia",4.25,1.375,4.125,137.4,124.2,12871.0,10935.2
"Renekton , Jax",2.0,3.0,10.0,132.0,112.0,13594.0,15787.0
"Renekton , Jayce",4.0,0.6666666666666666,4.333333333333333,134.0,125.0,16968.0,9358.0
"Renekton , Kennen",4.333333333333333,1.3333333333333333,4.5,129.0,117.0,13645.333333333334,8324.666666666666
"Renekton , LeBlanc",2.0,4.0,8.0,128.0,114.0,12895.0,8317.0
"Renekton , Neeko",3.0,2.5,5.0,139.0,139.0,13737.5,16169.0
"Renekton , Rumble",4.333333333333333,1.3333333333333333,5.333333333333333,127.5,136.5,15656.0,11265.0
"Renekton , Ryze",2.75,1.25,6.5,139.0,112.0,13935.0,9359.0
"Renekton , Sion",4.0,1.0,3.0,,,,
"Renekton , Sylas",5.666666666666667,3.0,7.666666666666667,,,,
"Riven , Aatrox",6.0,0.0,7.0,149.0,157.0,13565.0,12203.0
"Riven , Neeko",6.0,3.0,2.0,123.0,121.0,13095.0,14409.0
"Riven , Pyke",3.0,0.0,4.0,149.0,128.0,11805.0,7218.0
"Riven , Ryze",3.0,0.0,12.0,,,,
"Riven , Sejuani",5.0,2.0,8.0,,,,
"Rumble , Akali",6.0,4.0,7.0,128.0,131.0,12667.0,13163.0
"Rumble , Azir",3.0,1.0,6.0,,,,
"Rumble , Gangplank",3.0,2.0,6.0,137.0,151.0,13567.0,12559.0
"Rumble , Kennen",1.0,3.5,10.0,119.0,133.0,14205.0,20145.0
"Rumble , Neeko",2.6666666666666665,2.6666666666666665,7.666666666666667,121.0,136.33333333333334,12672.0,16904.0
"Rumble , Renekton",1.0,2.0,11.0,135.0,122.0,14587.0,25121.0
"Rumble , Sion",2.0,2.0,4.0,122.0,109.0,13593.0,20066.0
"Rumble , Twisted Fate",4.0,3.0,7.0,117.0,115.0,12318.0,20749.0
"Rumble , Vladimir",3.0,2.0,3.5,126.5,131.5,12643.5,15859.5
"Ryze , Aatrox",3.3333333333333335,1.6666666666666667,5.333333333333333,132.0,139.0,14721.0,18981.0
"Ryze , Akali",2.0,2.0,1.6666666666666667,151.5,128.5,11915.5,6744.5
"Ryze , Camille",1.0,2.0,5.0,,,,
"Ryze , Cassiopeia",1.0,1.0,9.0,,,,
"Ryze , Corki",3.0,2.25,5.5,163.0,161.0,11391.0,8288.0
"Ryze , Gangplank",0.0,3.0,5.0,,,,
"Ryze , Irelia",2.0,4.333333333333333,4.333333333333333,123.66666666666667,137.0,12633.666666666666,11911.666666666666
"Ryze , Jayce",2.6666666666666665,1.0,5.333333333333333,147.0,124.5,12857.5,11828.0
"Ryze , Karma",2.0,2.0,2.0,151.0,153.0,13780.0,8184.0
"Ryze , Kennen",0.0,2.0,4.5,,,,
"Ryze , LeBlanc",3.0,5.0,10.0,,,,
"Ryze , Morgana",5.0,4.0,8.0,147.5,138.0,17023.0,20274.5
"Ryze , Neeko",2.0,2.25,3.75,132.66666666666666,126.66666666666667,15300.333333333334,14942.0
"Ryze , Ornn",1.0,3.0,5.0,,,,
"Ryze , Pyke",2.0,2.0,5.0,,,,
"Ryze , Renekton",4.5,2.0,5.75,,,,
"Ryze , Sylas",4.5,1.8333333333333333,5.0,138.8,130.4,14854.2,14083.0
"Ryze , Syndra",4.0,1.0,5.5,142.0,151.0,14199.0,11992.0
"Ryze , Taliyah",4.666666666666667,1.0,4.666666666666667,149.0,152.0,13809.0,11164.0
"Ryze , Viktor",4.0,1.0,9.0,,,,
"Ryze , Zoe",2.0,2.0,5.5,133.0,139.0,16421.5,13918.5
"Sejuani , Aatrox",3.0,1.0,9.5,81.0,102.0,11325.0,8990.0
"Sejuani , Elise",3.0,1.4,11.4,86.5,78.5,9432.5,7288.5
"Sejuani , Gragas",1.9,0.5,8.7,89.8,92.0,10789.4,5812.4
"Sejuani , Hecarim",1.0,0.0,8.0,89.0,85.0,10471.0,6412.0
"Sejuani , Jarvan IV",2.3333333333333335,0.6666666666666666,10.25,88.44444444444444,87.0,11030.0,7369.666666666667
"Sejuani , Kai'Sa",1.0,0.0,9.0,92.0,90.0,10642.0,3304.0
"Sejuani , Karthus",2.8333333333333335,1.0,8.666666666666666,81.75,102.25,11425.25,6913.0
"Sejuani , Kayn",2.3333333333333335,1.0,12.666666666666666,98.5,87.0,9773.5,4151.0
"Sejuani , Lee Sin",2.125,1.625,10.875,84.28571428571429,80.42857142857143,11517.142857142857,7035.428571428572
"Sejuani , Nidalee",1.0,2.0,14.0,,,,
"Sejuani , Nocturne",3.0,2.5,11.0,,,,
"Sejuani , Olaf",1.9166666666666667,0.75,8.416666666666666,86.0909090909091,90.63636363636364,10443.727272727272,6971.363636363636
"Sejuani , Rek'Sai",2.0,3.0,13.0,,,,
"Sejuani , Skarner",2.4,0.8,11.6,88.0,84.0,11198.2,8775.2
"Sejuani , Sylas",2.7142857142857144,1.4285714285714286,7.285714285714286,83.85714285714286,85.57142857142857,11059.42857142857,6832.857142857143
"Sejuani , Trundle",2.0,1.6,8.7,89.83333333333333,77.66666666666667,11315.666666666666,6506.166666666667
"Sejuani , Viktor",1.0,1.0,9.0,120.0,101.0,12301.0,12252.0
"Sejuani , Xin Zhao",1.5,1.0,9.5,89.5,86.0,11010.0,6052.0
"Sejuani , Yuumi",2.5,0.5,15.0,25.0,2.0,8564.0,6333.0
"Shen , Aatrox",5.0,5.0,6.0,97.0,126.0,12384.0,14748.0
"Shen , Kennen",2.0,1.0,8.0,97.0,138.0,10647.0,6184.0
"Sion , Aatrox",1.3333333333333333,1.0,9.0,130.0,132.0,13446.0,8984.0
"Sion , Camille",2.0,4.0,7.0,125.0,133.0,12746.0,11303.0
"Sion , Irelia",2.0,1.0,6.0,,,,
"Sion , Neeko",1.0,0.0,12.0,134.0,134.0,9968.0,6582.0
"Sion , Quinn",1.0,0.0,6.0,,,,
"Sion , Renekton",0.6666666666666666,2.6666666666666665,9.333333333333334,,,,
"Sion , Sejuani",3.0,5.0,12.0,,,,
"Sion , Sylas",0.0,1.0,17.0,,,,
"Sion , Vladimir",2.0,0.0,8.0,,,,
"Sivir , Ashe",6.0,1.0,7.5,136.0,135.33333333333334,17842.333333333332,25429.333333333332
"Sivir , Caitlyn",5.0,2.0,6.0,,,,
"Sivir , Ezreal",4.9411764705882355,1.2352941176470589,6.411764705882353,146.6,139.0,15834.4,19998.1
"Sivir , Jinx",4.5,1.0,7.5,152.33333333333334,138.0,13477.0,15199.666666666666
"Sivir , Kai'Sa",5.666666666666667,1.3888888888888888,6.777777777777778,144.375,131.75,16477.125,20439.25
"Sivir , Lucian",5.0,1.75,8.625,141.5,133.5,13184.5,13062.75
"Sivir , Orianna",7.0,1.0,6.0,,,,
"Sivir , Sona",3.5,0.75,6.125,141.0,50.0,17206.14285714286,24578.714285714286
"Sivir , Tristana",1.5,1.5,9.0,145.0,110.0,16979.0,13573.0
"Sivir , Varus",4.8,1.6,6.8,141.75,143.75,16632.0,21914.5
"Sivir , Vayne",2.0,0.3333333333333333,6.333333333333333,140.0,139.0,13904.5,10422.0
"Sivir , Xayah",4.444444444444445,0.6296296296296297,6.481481481481482,140.94736842105263,128.0,14864.894736842105,15417.842105263158
"Sivir , Yasuo",2.0,3.0,8.0,123.0,131.0,10459.0,5065.0
"Skarner , Elise",0.0,1.5,6.5,90.5,94.0,10946.5,2943.5
"Skarner , Gragas",1.6666666666666667,0.6666666666666666,8.0,85.0,74.0,11270.666666666666,5348.666666666667
"Skarner , Hecarim",1.5,1.0,7.0,100.5,88.0,12495.5,3878.0
"Skarner , Jarvan IV",1.4285714285714286,2.5714285714285716,9.571428571428571,91.75,77.5,11293.75,4908.75
"Skarner , Karthus",1.0,1.0,6.0,82.0,96.0,10691.0,2419.0
"Skarner , Lee Sin",2.0,2.0,5.0,97.0,86.0,10006.0,3805.0
"Skarner , Olaf",3.0,0.0,7.0,90.0,85.0,9102.0,4158.0
"Skarner , Rek'Sai",1.9166666666666667,0.9166666666666666,7.166666666666667,90.0,93.58333333333333,11273.416666666666,4207.666666666667
"Skarner , Sejuani",3.6666666666666665,1.0,10.666666666666666,95.0,84.66666666666667,12580.333333333334,6466.666666666667
"Skarner , Sylas",0.0,2.6666666666666665,8.666666666666666,82.0,96.66666666666667,10613.666666666666,4229.666666666667
"Skarner , Trundle",1.0,3.5,12.5,87.0,89.0,12992.5,8000.5
"Skarner , Xin Zhao",0.0,2.0,13.0,96.0,96.0,10157.0,3473.0
"Skarner , Zac",1.0,1.0,4.0,107.0,101.0,10079.0,2970.0
"Sona , Ashe",5.0,1.0,10.0,46.0,143.0,12929.0,9058.0
"Sona , Caitlyn",4.0,1.6666666666666667,9.0,79.0,127.66666666666667,14456.666666666666,14805.0
"Sona , Ezreal",2.25,0.75,8.75,50.333333333333336,116.33333333333333,14331.666666666666,12268.0
"Sona , Jinx",2.0,0.0,7.0,48.0,149.0,12282.0,7234.0
"Sona , Kai'Sa",7.5,0.0,2.0,87.5,139.5,13642.0,14824.5
"Sona , Sivir",3.6363636363636362,1.6363636363636365,10.090909090909092,50.57142857142857,130.28571428571428,12610.142857142857,12586.285714285714
"Sona , Varus",2.6666666666666665,1.3333333333333333,12.833333333333334,51.0,139.83333333333334,11898.666666666666,11302.833333333334
"Sona , Vayne",7.0,3.0,6.0,50.0,143.0,12991.0,12519.0
"Sona , Vladimir",3.0,1.0,13.0,83.0,130.0,12953.0,25126.0
"Sona , Xayah",2.625,2.0,12.0,55.166666666666664,134.33333333333334,12924.333333333334,12084.166666666666
"Sona , Yuumi",2.0,1.0,14.0,,,,
"Sylas , Aatrox",4.333333333333333,1.3333333333333333,8.166666666666666,146.5,134.0,13356.5,11042.0
"Sylas , Akali",3.0,1.0,4.2,128.0,138.33333333333334,10969.0,9321.333333333334
"Sylas , Azir",3.1666666666666665,1.1666666666666667,7.666666666666667,139.25,132.25,13776.75,14122.0
"Sylas , Cassiopeia",3.3333333333333335,0.6666666666666666,6.666666666666667,128.33333333333334,146.66666666666666,12085.0,9784.666666666666
"Sylas , Corki",4.0,1.0,8.5,147.0,146.0,13727.0,9972.0
"Sylas , Gangplank",1.5,2.0,10.0,131.0,131.0,17561.0,39987.0
"Sylas , Gragas",1.5,2.0,9.0,89.5,79.0,12156.5,11365.0
"Sylas , Hecarim",3.0,4.0,10.0,,,,
"Sylas , Irelia",5.5,1.6,7.8,138.6,133.2,15847.4,21161.8
"Sylas , Jarvan IV",5.75,1.25,6.5,94.66666666666667,74.0,11083.666666666666,12887.0
"Sylas , Jax",3.0,2.0,3.0,,,,
"Sylas , Jayce",3.75,1.25,4.5,132.0,134.0,12530.0,13242.0
"Sylas , Kai'Sa",1.0,2.0,8.0,83.0,81.0,12822.0,11450.0
"Sylas , Karma",3.0,0.5,8.5,131.0,124.0,12489.0,13051.0
"Sylas , Karthus",3.75,1.5,4.5,88.0,109.0,10520.0,10014.0
"Sylas , Kennen",3.5,2.75,6.25,129.33333333333334,109.66666666666667,12504.0,15769.0
"Sylas , Kha'zix",10.0,1.0,9.0,,,,
"Sylas , Kindred",4.0,0.0,11.0,107.0,79.0,10871.0,12721.0
"Sylas , LeBlanc",2.0,0.5,5.0,136.0,134.5,12372.5,10697.0
"Sylas , Lee Sin",5.0,1.0,10.0,,,,
"Sylas , Lucian",1.0,1.0,3.0,,,,
"Sylas , Nautilus",2.0,1.0,4.0,33.0,26.0,7157.0,3944.0
"Sylas , Neeko",3.111111111111111,2.111111111111111,6.222222222222222,132.2,127.0,14482.2,14610.8
"Sylas , Nidalee",5.0,3.0,8.0,,,,
"Sylas , Olaf",4.0,1.5,9.0,86.5,93.0,10893.5,9566.5
"Sylas , Orianna",3.3333333333333335,3.0,5.0,134.66666666666666,139.66666666666666,13595.333333333334,13128.333333333334
"Sylas , Rek'Sai",3.0,2.0,4.0,,,,
"Sylas , RekSai",3.5,2.5,6.5,,,,
"Sylas , Renekton",5.5,0.25,9.25,138.0,126.0,15132.0,18329.0
"Sylas , Ryze",4.181818181818182,1.8181818181818181,6.7272727272727275,144.125,136.0,15131.5,17888.875
"Sylas , Sejuani",2.6666666666666665,1.6666666666666667,7.666666666666667,91.6,83.0,11569.2,12585.2
"Sylas , Skarner",2.0,6.0,6.0,95.0,84.0,12308.0,7305.0
"Sylas , Taliyah",6.5,2.25,9.25,131.5,112.5,16990.0,20267.0
"Sylas , Viktor",5.0,1.0,2.0,,,,
"Sylas , Vladimir",4.0,2.5,5.5,129.0,111.0,13364.0,21884.0
"Sylas , Xin Zhao",5.5,3.5,12.5,88.0,71.0,13687.5,15906.0
"Sylas , Yasuo",5.5,2.5,6.5,140.0,135.0,14111.0,14995.0
"Sylas , Zoe",6.0,3.0,15.0,123.0,126.0,14772.0,17043.0
"Syndra , Jayce",4.0,4.0,9.0,127.0,119.0,14212.0,20862.0
"Syndra , Morgana",2.0,4.0,6.0,150.0,147.0,15960.0,19763.0
"Syndra , Neeko",2.0,2.0,9.0,131.0,129.0,11655.0,17466.0
"Syndra , Ryze",3.6666666666666665,2.3333333333333335,8.666666666666666,155.0,139.0,16979.0,32060.0
"Syndra , Zoe",4.0,0.0,1.0,153.0,148.0,14537.0,14340.0
"Tahm Kench , Aatrox",1.0,1.0,9.0,124.0,127.0,11318.0,7592.0
"Tahm Kench , Alistar",2.0,1.5,6.0,24.5,44.5,8477.5,4176.5
"Tahm Kench , Braum",0.8,1.75,8.2,39.166666666666664,24.333333333333332,9057.944444444445,4833.388888888889
"Tahm Kench , Fiddlesticks",2.0,3.0,9.0,,,,
"Tahm Kench , Galio",0.0,0.0,7.0,34.0,76.0,7311.0,3633.0
"Tahm Kench , Gragas",3.0,4.0,9.0,20.0,6.0,9768.0,5822.0
"Tahm Kench , Karma",1.0,0.5,9.0,,,,
"Tahm Kench , Lux",0.7391304347826086,1.2173913043478262,8.652173913043478,47.388888888888886,7.722222222222222,9531.5,4456.444444444444
"Tahm Kench , Morgana",1.0,2.0,6.666666666666667,29.0,5.0,7783.0,5175.5
"Tahm Kench , Nautilus",1.25,1.5,11.875,39.8,34.2,8607.6,4212.0
"Tahm Kench , Neeko",1.0,1.0,8.0,,,,
"Tahm Kench , Pyke",0.75,1.5,10.875,26.125,30.5,9838.625,6452.625
"Tahm Kench , Rakan",0.5,0.8571428571428571,7.0,40.583333333333336,5.166666666666667,8971.0,4120.166666666667
"Tahm Kench , Taric",1.0,1.5714285714285714,11.0,37.0,60.833333333333336,9336.5,5482.0
"Tahm Kench , Thresh",0.5,4.5,7.0,24.5,21.0,9078.0,3616.5
"Tahm Kench , Volibear",0.0,2.0,7.0,,,,
"Tahm Kench , Yuumi",1.5,2.0,14.0,72.0,1.5,10054.0,5740.5
"Taliyah , Azir",3.5,1.0,4.5,143.0,147.5,14672.0,13856.0
"Taliyah , Camille",3.0,1.0,4.0,131.0,144.0,11473.0,19589.0
"Taliyah , Corki",5.0,0.0,5.0,,,,
"Taliyah , Irelia",9.0,0.0,6.0,,,,
"Taliyah , Jarvan IV",4.0,2.0,6.0,80.0,85.0,12317.0,17103.0
"Taliyah , Jayce",5.0,3.0,6.0,132.0,146.0,13037.0,15745.0
"Taliyah , LeBlanc",1.5,2.5,5.5,126.5,138.5,10066.0,10351.0
"Taliyah , Nautilus",6.0,4.0,12.0,,,,
"Taliyah , Neeko",6.0,1.0,5.75,130.33333333333334,131.33333333333334,10947.0,10270.666666666666
"Taliyah , Rumble",6.0,3.0,13.0,,,,
"Taliyah , Sylas",9.5,2.5,10.0,116.5,113.0,13616.5,22840.0
"Taliyah , Talon",2.0,1.0,6.0,156.0,122.0,13899.0,9528.0
"Taliyah , Zoe",4.0,1.3333333333333333,5.333333333333333,133.33333333333334,135.0,12326.333333333334,10229.666666666666
"Talon , Azir",8.0,2.0,3.0,126.0,138.0,14247.0,17097.0
"Taric , Lux",1.0,0.0,11.0,,,,
"Taric , Nautilus",1.0,1.5,11.5,27.0,25.0,9458.0,4004.0
"Taric , Rakan",0.5,2.5,16.5,62.0,4.0,10233.5,2357.0
"Taric , Tahm Kench",1.0,0.5,15.5,41.5,31.5,8914.0,4353.0
"Taric , Veigar",2.0,1.0,8.0,53.0,7.0,10300.0,1986.0
"Taric , Yuumi",1.0,0.0,9.5,83.0,2.0,11692.0,2658.0
"Taric , Zyra",2.0,2.0,12.0,55.0,14.0,9035.0,2931.0
"Thresh , Braum",1.0,2.0,16.0,5.0,21.0,8448.0,4588.0
"Thresh , Lux",1.0,1.0,7.666666666666667,5.0,6.0,8087.0,2175.0
"Thresh , Morgana",0.0,2.0,8.0,20.0,5.0,7675.0,2920.0
"Thresh , Nautilus",1.5,1.0,12.0,2.5,20.0,8956.0,4459.5
"Thresh , Rakan",0.6666666666666666,1.0,10.0,9.0,3.0,8679.0,2953.0
"Thresh , Yuumi",0.5,0.5,5.5,5.0,4.0,7257.0,2034.0
"Tristana , Ashe",6.0,1.0,4.0,138.0,144.0,19258.0,16133.0
"Trundle , Olaf",1.625,1.25,10.875,84.66666666666667,95.33333333333333,10537.0,3535.6666666666665
"Trundle , Rek'Sai",2.0,2.0,12.0,84.0,89.0,9424.0,4026.0
"Trundle , Sejuani",1.5555555555555556,1.8888888888888888,9.222222222222221,82.13333333333334,81.26666666666667,11802.8,6344.933333333333
"Trundle , Skarner",4.0,0.0,5.0,80.0,97.0,10155.0,7846.0
"Twisted Fate , Aatrox",4.5,1.5,9.0,124.0,123.0,13856.0,15499.0
"Twisted Fate , Azir",4.0,2.0,5.0,161.0,116.0,21848.0,16875.0
"Twisted Fate , Irelia",4.0,2.0,11.0,124.0,125.0,14186.0,14184.0
"Twisted Fate , Jayce",3.0,1.0,5.0,140.5,147.5,16999.5,16471.0
"Twisted Fate , Neeko",2.3333333333333335,1.3333333333333333,5.666666666666667,134.66666666666666,135.33333333333334,14485.666666666666,10751.0
"Twisted Fate , Qiyana",3.0,0.0,6.0,147.0,135.0,16909.0,13295.0
"Twisted Fate , Ryze",0.0,0.0,7.0,152.0,140.0,14305.0,12716.0
"Twisted Fate , Zed",5.0,0.0,9.0,126.0,134.0,12936.0,10691.0
"Varus , Ashe",3.0,1.3333333333333333,8.333333333333334,139.66666666666666,133.66666666666666,14596.666666666666,20885.0
"Varus , Azir",3.0,1.5,7.0,,,,
"Varus , Caitlyn",3.25,2.0,7.0,137.0,125.0,12476.0,15982.0
"Varus , Cassiopeia",7.0,2.0,7.0,141.0,136.0,17002.0,18797.0
"Varus , Draven",4.0,2.0,8.0,145.0,150.0,14615.0,40082.0
"Varus , Ezreal",4.555555555555555,1.3333333333333333,6.888888888888889,145.625,138.5,15210.125,17143.5
"Varus , Jhin",5.0,2.0,13.0,136.0,151.0,17330.0,20317.0
"Varus , Jinx",6.0,1.0,10.0,162.0,150.0,14147.0,16587.0
"Varus , Kai'Sa",5.0,1.0,10.0,140.0,129.0,21097.0,28700.0
"Varus , Kalista",4.0,1.0,6.2,135.0,134.6,13211.4,11748.0
"Varus , Lucian",3.5,2.0,8.5,137.0,143.0,14106.0,14910.0
"Varus , Sivir",5.5,1.0,5.5,147.25,134.5,16440.25,21087.25
"Varus , Sona",5.5,0.25,5.0,147.0,50.75,14612.75,19976.75
"Varus , Xayah",4.0,0.8,6.0,143.6,127.0,18999.4,25024.8
"Vayne , Jinx",6.0,0.0,8.0,151.0,157.0,19104.0,35541.0
"Vayne , Kai'Sa",5.5,2.5,5.5,,,,
"Vayne , Mordekaiser",3.0,2.5,1.5,132.0,98.0,16325.0,14955.5
"Vayne , Sivir",6.25,1.25,5.0,145.0,136.5,16608.5,26420.0
"Vayne , Sona",6.5,0.5,6.0,,,,
"Veigar , Azir",3.0,1.5,4.5,129.0,143.5,11674.5,10231.0
"Veigar , Corki",5.0,0.0,6.0,132.0,139.0,12788.0,15560.0
"Vel'koz , Azir",3.0,1.0,9.0,135.0,138.0,13265.0,16563.0
"Vel'koz , Xayah",3.0,2.0,1.0,136.0,135.0,13253.0,17360.0
"Vel'koz , Yasuo",5.0,3.0,12.0,144.0,142.0,15220.0,29247.0
"Vi , Gragas",3.0,5.0,5.0,,,,
"Vi , Rek'Sai",1.0,0.0,7.0,96.0,85.0,10670.0,3153.0
"Viktor , Corki",2.0,0.0,4.0,159.0,150.0,13140.0,20764.0
"Viktor , Gangplank",0.0,2.0,2.0,137.0,127.0,13504.0,14905.0
"Viktor , Kalista",4.0,2.0,8.0,,,,
"Viktor , Kennen",5.25,2.5,5.0,137.0,115.0,14835.5,29139.5
"Viktor , Neeko",3.5,1.5,4.25,132.66666666666666,130.0,12628.666666666666,17715.0
"Viktor , Sylas",3.5,2.0,6.0,112.5,125.0,15257.5,21118.5
"Viktor , Vayne",3.0,2.0,8.0,83.0,151.0,11059.0,13536.0
"Viktor , Zoe",5.0,0.0,1.0,134.0,136.0,17409.0,23058.0
"Vladimir , Aatrox",3.6666666666666665,2.3333333333333335,4.333333333333333,114.5,123.0,13991.5,16548.5
"Vladimir , Akali",1.0,0.0,6.0,141.0,119.0,13855.0,18216.0
"Vladimir , Camille",1.0,2.0,6.0,118.0,116.0,10972.0,13027.0
"Vladimir , Corki",4.0,0.0,10.0,150.0,148.0,17662.0,25126.0
"Vladimir , Gangplank",5.0,3.0,5.0,139.5,132.0,16517.5,24960.0
"Vladimir , Irelia",5.0,2.5,8.0,117.66666666666667,127.66666666666667,16995.0,25440.666666666668
"Vladimir , Jayce",4.4,1.2,6.0,127.33333333333333,131.66666666666666,14278.666666666666,15217.666666666666
"Vladimir , Kennen",5.5,1.0,5.5,135.0,135.66666666666666,15133.0,19767.666666666668
"Vladimir , Kled",4.0,1.0,6.0,,,,
"Vladimir , LeBlanc",0.0,1.0,6.0,137.0,134.0,11688.0,16054.0
"Vladimir , Lissandra",5.0,0.0,5.0,,,,
"Vladimir , Poppy",2.0,3.0,7.0,,,,
"Vladimir , Renekton",5.0,0.0,2.0,124.0,115.0,12613.0,14946.0
"Vladimir , Riven",8.0,1.0,5.0,111.0,112.0,12212.0,17339.0
"Vladimir , Rumble",4.5,3.0,8.5,110.0,130.0,11471.0,23494.0
"Vladimir , Sion",6.0,1.0,9.0,,,,
"Vladimir , Sona",5.0,3.0,9.0,124.0,72.0,14551.0,16880.0
"Vladimir , Syndra",5.0,4.0,6.0,130.0,134.0,16096.0,34079.0
"Vladimir , Taliyah",3.0,0.0,10.0,135.0,143.0,15682.0,16552.0
"Vladimir , Viktor",2.0,1.0,2.0,141.0,115.0,10773.0,6955.0
"Vladimir , Yasuo",4.0,1.0,4.5,131.0,144.5,12169.0,14821.5
"Volibear , Nautilus",0.0,1.0,12.0,29.0,28.0,9147.0,4357.0
"Xayah , Ashe",6.0,1.5,8.0,144.0,134.0,17281.0,30339.0
"Xayah , Caitlyn",7.5,1.5,3.0,155.0,130.0,20495.0,25140.0
"Xayah , Cassiopeia",6.0,1.0,9.0,146.0,112.0,15207.0,18390.0
"Xayah , Draven",4.0,1.0,7.0,111.0,125.0,18058.0,17004.0
"Xayah , Ezreal",5.8,1.15,5.0,142.33333333333334,132.83333333333334,17633.5,20947.444444444445
"Xayah , Jinx",4.0,3.0,4.0,139.0,107.0,14864.0,18226.0
"Xayah , Kai'Sa",5.615384615384615,0.9230769230769231,6.0,140.33333333333334,133.66666666666666,16743.666666666668,19075.0
"Xayah , Kaisa",5.0,0.0,1.0,,,,
"Xayah , Kalista",2.0,1.0,8.0,137.0,131.0,17593.0,14797.0
"Xayah , Lucian",4.8,1.2,5.6,129.42857142857142,133.0,16657.428571428572,16006.714285714286
"Xayah , Pyke",7.0,2.5,7.0,145.0,131.0,20491.0,24566.0
"Xayah , Sivir",5.0,0.8214285714285714,5.178571428571429,139.28571428571428,133.52380952380952,17097.904761904763,16446.14285714286
"Xayah , Sona",5.0,1.6666666666666667,3.3333333333333335,147.33333333333334,57.333333333333336,16448.333333333332,23419.0
"Xayah , Varus",5.75,1.25,6.5,129.75,128.75,17798.75,19978.5
"Xayah , Vayne",7.0,1.5,5.5,,,,
"Xayah , Vladimir",1.0,1.0,5.0,,,,
"Xerath , Azir",6.0,3.0,13.0,,,,
"Xin Zhao , Elise",3.0,1.0,4.0,90.0,78.0,12576.0,7527.0
"Xin Zhao , Gragas",5.0,0.0,9.0,87.0,73.0,12541.0,10572.0
"Xin Zhao , Hecarim",0.0,4.0,5.0,93.0,83.0,13324.0,16167.0
"Xin Zhao , Jarvan IV",2.0,3.5,5.0,90.0,82.5,12228.5,7663.0
"Xin Zhao , Jax",2.0,0.0,9.0,95.0,84.0,14986.0,7572.0
"Xin Zhao , Karthus",0.0,0.0,6.0,94.0,70.0,11897.0,6768.0
"Xin Zhao , Kayn",7.0,5.0,10.0,81.0,90.0,14358.0,20866.0
"Xin Zhao , Lee Sin",3.3333333333333335,2.0,6.666666666666667,82.33333333333333,80.33333333333333,12176.0,9674.333333333334
"Xin Zhao , Olaf",0.0,3.0,5.0,,,,
"Xin Zhao , Rek'Sai",2.1666666666666665,0.8333333333333334,5.5,91.0,87.0,12887.0,6961.0
"Xin Zhao , Skarner",4.0,6.0,10.0,,,,
"Xin Zhao , Sylas",2.3333333333333335,1.6666666666666667,8.0,77.0,87.0,11316.0,7001.0
"Xin Zhao , Trundle",3.0,1.5,10.0,87.5,83.0,11392.0,8725.5
"Yasuo , Aatrox",6.0,3.0,8.0,130.0,143.0,15708.0,16822.0
"Yasuo , Akali",2.5,2.0,8.0,143.5,135.0,12518.5,8245.0
"Yasuo , Corki",6.0,1.0,7.0,167.0,142.0,18361.0,18520.0
"Yasuo , Ezreal",7.0,1.0,11.0,137.0,127.0,13205.0,9071.0
"Yasuo , Irelia",2.5,3.0,8.0,,,,
"Yasuo , Jayce",4.0,2.0,5.0,130.0,114.0,15124.0,6187.0
"Yasuo , Lissandra",6.0,0.5,4.5,138.0,137.5,14210.0,12304.5
"Yasuo , Lucian",3.5,2.5,4.0,110.0,133.0,15449.5,9179.5
"Yasuo , Lulu",4.0,2.0,2.0,147.0,124.0,12816.0,9166.0
"Yasuo , Orianna",8.0,2.0,2.0,137.0,145.0,13921.0,8525.0
"Yasuo , Renekton",5.0,1.0,4.0,128.0,108.0,15400.0,8935.0
"Yasuo , Ryze",7.0,2.0,4.0,142.0,141.0,17164.0,13201.0
"Yasuo , Sivir",1.0,1.0,8.0,131.0,120.0,14915.0,10049.0
"Yasuo , Sylas",4.25,3.0,8.75,148.0,134.0,13280.0,13730.0
"Yasuo , Syndra",3.0,1.0,3.0,154.0,140.0,11100.0,5488.0
"Yasuo , Taliyah",4.0,0.0,5.0,144.0,141.0,11642.0,4592.0
"Yasuo , Vladimir",3.0,3.0,8.0,,,,
"Yasuo , Zoe",0.0,0.0,4.0,161.0,138.0,12247.0,3769.0
"Yorick , Jax",0.0,3.0,2.0,,,,
"Yorick , Jayce",8.0,1.0,5.0,107.0,106.0,11804.0,14822.0
"Yorick , Karma",5.0,2.0,2.0,119.0,120.0,14847.0,10330.0
"Yorick , Rumble",0.0,2.0,3.0,109.0,119.0,13952.0,7892.0
"Yuumi , Alistar",1.5,1.0,13.25,2.5,21.5,8346.0,10330.0
"Yuumi , Braum",0.5,1.5,15.0,2.5,24.0,9483.5,13686.0
"Yuumi , Caitlyn",2.0,0.0,8.0,10.0,112.0,8290.0,13586.0
"Yuumi , Ezreal",1.0,2.0,10.0,34.0,135.0,11498.0,16012.0
"Yuumi , Gragas",3.0,0.0,14.5,5.0,8.0,7696.0,11020.0
"Yuumi , Karma",2.0,1.0,15.0,,,,
"Yuumi , Leona",3.0,0.0,11.0,,,,
"Yuumi , Lux",1.2941176470588236,0.5882352941176471,11.705882352941176,3.0833333333333335,7.166666666666667,9607.416666666666,14417.833333333334
"Yuumi , Nautilus",0.7727272727272727,0.8636363636363636,13.772727272727273,5.066666666666666,23.933333333333334,8563.133333333333,11216.8
"Yuumi , Pantheon",3.0,3.0,13.0,,,,
"Yuumi , Pyke",0.0,0.0,12.0,2.0,21.0,7922.0,11165.0
"Yuumi , Rakan",0.75,0.25,9.25,4.166666666666667,6.666666666666667,8357.666666666666,8659.5
"Yuumi , Sona",3.0,2.0,16.0,,,,
"Yuumi , Tahm Kench",1.0,0.2857142857142857,11.714285714285714,4.571428571428571,64.57142857142857,9236.857142857143,14615.142857142857
"Yuumi , Taric",0.75,0.5,10.5,8.0,74.0,12993.0,22624.0
"Yuumi , Thresh",1.0,1.0,12.5,3.0,4.0,9881.0,9889.0
"Yuumi , Volibear",1.0,0.0,16.0,8.0,24.0,10427.0,14263.0
"Zed , Corki",13.0,1.0,5.0,138.0,142.0,14149.0,19121.0
"Zed , Kennen",5.0,2.0,8.0,116.0,123.0,14559.0,17235.0
"Zed , Renekton",6.0,1.0,6.0,,,,
"Ziggs , Syndra",2.0,0.0,8.0,134.0,136.0,12904.0,14148.0
"Zilean , Aatrox",3.0,1.0,15.0,132.0,150.0,15182.0,17716.0
"Zilean , Orianna",3.0,2.0,9.0,128.0,140.0,11334.0,11055.0
"Zoe , Azir",2.3333333333333335,1.3333333333333333,8.5,143.0,136.0,11969.25,16505.75
"Zoe , Corki",3.0,1.0,6.8,140.4,138.8,13232.2,17543.2
"Zoe , LeBlanc",3.3333333333333335,1.3333333333333333,5.0,129.5,135.0,12990.5,16147.0
"Zoe , Lucian",3.0,1.0,3.0,153.0,155.0,15705.0,22971.0
"Zoe , Neeko",3.0,1.0,13.0,122.0,123.0,11832.0,15743.0
"Zoe , Ryze",1.5,0.0,7.5,139.0,129.0,14146.0,26451.0
"Zoe , Syndra",4.0,3.0,6.0,137.0,129.0,15546.0,16919.0
"Zoe , Yasuo",7.0,0.0,3.0,152.0,143.0,12266.0,15547.0
